{"inputUnits":[34],"outputUnits":10,"inputs":{"0":{"dtype":"number","min":158.1836849160594,"max":365.7639233921936},"1":{"dtype":"number","min":75.13399983010095,"max":308.0822860985471},"2":{"dtype":"number","min":225.30718530130665,"max":368.95689311780427},"3":{"dtype":"number","min":68.7292825501797,"max":259.87403163203487},"4":{"dtype":"number","min":130.9141829046357,"max":356.3567657173261},"5":{"dtype":"number","min":69.08277128639742,"max":256.1627111007363},"6":{"dtype":"number","min":255.60315940812316,"max":413.05878161454524},"7":{"dtype":"number","min":76.26517193591616,"max":313.4352941680373},"8":{"dtype":"number","min":80.7830583747135,"max":363.60947190669543},"9":{"dtype":"number","min":74.73541705929048,"max":288.21455927620156},"10":{"dtype":"number","min":232.39834850526924,"max":499.51848377726},"11":{"dtype":"number","min":94.90901657015257,"max":518.6683497140747},"12":{"dtype":"number","min":0.32405622753715885,"max":391.16011770148026},"13":{"dtype":"number","min":103.40070430763049,"max":520.6139241417482},"14":{"dtype":"number","min":199.2870284706993,"max":561.095813803273},"15":{"dtype":"number","min":71.92484835202697,"max":562.5344366776316},"16":{"dtype":"number","min":-11.647005731831749,"max":392.55655091640773},"17":{"dtype":"number","min":68.00922713549281,"max":565.745323136536},"18":{"dtype":"number","min":153.7810178760432,"max":513.5571312857883},"19":{"dtype":"number","min":43.66403204191032,"max":560.5604745072927},"20":{"dtype":"number","min":0.5770430462634586,"max":424.615833066825},"21":{"dtype":"number","min":28.488031874390828,"max":560.4805818078113},"22":{"dtype":"number","min":204.43899321974368,"max":483.96126700655986},"23":{"dtype":"number","min":163.84733917652747,"max":560.2080275626674},"24":{"dtype":"number","min":59.04584903233697,"max":403.14561691432897},"25":{"dtype":"number","min":194.69566746761922,"max":552.8313227424844},"26":{"dtype":"number","min":233.45114665189448,"max":508.417777792055},"27":{"dtype":"number","min":202.18663949947842,"max":551.9908513892696},"28":{"dtype":"number","min":45.96562614217836,"max":381.5577145998473},"29":{"dtype":"number","min":227.33013666164106,"max":555.9886835704305},"30":{"dtype":"number","min":204.33542351973682,"max":520.6123679237292},"31":{"dtype":"number","min":245.37723890754444,"max":555.7664028710557},"32":{"dtype":"number","min":36.088762487816766,"max":402.3661946971514},"33":{"dtype":"number","min":300.3822380199767,"max":558.390879045453}},"outputs":{"0":{"dtype":"string","min":0,"max":1,"uniqueValues":["drawShortRight","drawBothRight","moveRight","moveLeft","drawShortLeft","drawLongRight","drawLongLeft","drawBothLeft","moveRightRepeat","moveLeftRepeat"],"legend":{"drawShortRight":[1,0,0,0,0,0,0,0,0,0],"drawBothRight":[0,1,0,0,0,0,0,0,0,0],"moveRight":[0,0,1,0,0,0,0,0,0,0],"moveLeft":[0,0,0,1,0,0,0,0,0,0],"drawShortLeft":[0,0,0,0,1,0,0,0,0,0],"drawLongRight":[0,0,0,0,0,1,0,0,0,0],"drawLongLeft":[0,0,0,0,0,0,1,0,0,0],"drawBothLeft":[0,0,0,0,0,0,0,1,0,0],"moveRightRepeat":[0,0,0,0,0,0,0,0,1,0],"moveLeftRepeat":[0,0,0,0,0,0,0,0,0,1]}}},"isNormalized":true}