{"inputUnits":[34],"outputUnits":10,"inputs":{"0":{"dtype":"number","min":235.16356113128958,"max":370.398629766691},"1":{"dtype":"number","min":100.98597193786739,"max":183.330243800351},"2":{"dtype":"number","min":243.59845434713083,"max":371.4290239657575},"3":{"dtype":"number","min":96.45243654009425,"max":178.70262852421513},"4":{"dtype":"number","min":228.40390329937256,"max":368.9328336065043},"5":{"dtype":"number","min":94.55708405195386,"max":179.0749392964919},"6":{"dtype":"number","min":258.7071251822726,"max":369.29542645608706},"7":{"dtype":"number","min":97.69719679685596,"max":184.09458420662384},"8":{"dtype":"number","min":219.35891065913566,"max":350.9150413230613},"9":{"dtype":"number","min":93.96750347888491,"max":183.0736088148567},"10":{"dtype":"number","min":266.2492932771381,"max":350.59369538959703},"11":{"dtype":"number","min":124.83705338446484,"max":213.6609059235273},"12":{"dtype":"number","min":218.37906850476477,"max":340.44390048199926},"13":{"dtype":"number","min":119.4094585396393,"max":216.67002746701007},"14":{"dtype":"number","min":218.01286188017787,"max":370.2064546878807},"15":{"dtype":"number","min":118.92774912813718,"max":256.31159226564404},"16":{"dtype":"number","min":192.93852807950321,"max":392.04183894523635},"17":{"dtype":"number","min":98.60279507107205,"max":267.5029994079709},"18":{"dtype":"number","min":166.23195953071698,"max":435.10301853945845},"19":{"dtype":"number","min":99.60337692766393,"max":257.5150278251306},"20":{"dtype":"number","min":171.34058426230507,"max":436.52951484070417},"21":{"dtype":"number","min":70.66672520330775,"max":258.79253101162976},"22":{"dtype":"number","min":265.18147072596855,"max":361.6217861956323},"23":{"dtype":"number","min":203.42097767612387,"max":304.0166843704313},"24":{"dtype":"number","min":228.1806419327942,"max":333.9869948716191},"25":{"dtype":"number","min":201.753936232182,"max":300.2100106847216},"26":{"dtype":"number","min":185.34279152199073,"max":392.86977191649913},"27":{"dtype":"number","min":240.43871636046765,"max":368.0801379703871},"28":{"dtype":"number","min":191.3648597167017,"max":400.05615234375},"29":{"dtype":"number","min":244.42417375293155,"max":368.80758066158774},"30":{"dtype":"number","min":127.4791623834978,"max":454.70240780716983},"31":{"dtype":"number","min":277.9047667445727,"max":428.8493599993908},"32":{"dtype":"number","min":128.99462962011148,"max":463.8670920210275},"33":{"dtype":"number","min":303.5343573200307,"max":433.3463803415874}},"outputs":{"0":{"dtype":"string","min":0,"max":1,"uniqueValues":["moveRight","moveLeft","drawShortRight","drawShortLeft","drawLongRight","drawLongLeft","drawBothRight","drawBothLeft","moveRightRepeat","moveLeftRepeat"],"legend":{"moveRight":[1,0,0,0,0,0,0,0,0,0],"moveLeft":[0,1,0,0,0,0,0,0,0,0],"drawShortRight":[0,0,1,0,0,0,0,0,0,0],"drawShortLeft":[0,0,0,1,0,0,0,0,0,0],"drawLongRight":[0,0,0,0,1,0,0,0,0,0],"drawLongLeft":[0,0,0,0,0,1,0,0,0,0],"drawBothRight":[0,0,0,0,0,0,1,0,0,0],"drawBothLeft":[0,0,0,0,0,0,0,1,0,0],"moveRightRepeat":[0,0,0,0,0,0,0,0,1,0],"moveLeftRepeat":[0,0,0,0,0,0,0,0,0,1]}}},"isNormalized":true}